csrfmiddlewaretoken,g1Oq4X5xAr9A8pNOzwuvj8oSUkuIUJEgIFMogjZccs3yvHmC69mg3OEz5mdhKwuW
search,a
btnK,MovieZap Search
csrfmiddlewaretoken,Rv6kk5aZnEqjU2eCmBze0wcZoj9zJLYtj94iwr4EZFkhhkNqTerZKcsGzlS8zyO9
search,af
btnK,MovieZap Search
csrfmiddlewaretoken,YTqZTKpkzNwKQNGNRitLb3x1pvND6xYoybys7TlzpJVqGKsXpPOPBq1q92CLQfep
search,a
btnK,MovieZap Search
csrfmiddlewaretoken,vSLaswZjzb46sFal4bVMb9syeTVDn3hS5aTDGFVyp7tMiCWvCIgQBwWXYqKL7LxT
search,a
btnK,MovieZap Search
csrfmiddlewaretoken,N1z8sKTulwfvWbORoB14I0haUWat7HqNnjHBGTPJbsEbM8A1W8m88nLzEtZBRpGO
search,a
btnK,MovieZap Search
csrfmiddlewaretoken,28553kxOCf47ti7dgTzqvJBFCcaoaOvyCqdyhtt3sbtNjfTnOqUuV654mJZwUwLz
search,a
btnK,MovieZap Search
